[
   {
      "id": "120363158210502256@g.us",
      "key": "yt",
      "response": "Prem",
      "isImage": false,
      "image_url": "-"
   },
   {
      "id": "120363158210502256@g.us",
      "key": "2. github",
      "response": "Edu",
      "isImage": false,
      "image_url": "-"
   },
   {
      "id": "120363182984399474@g.us",
      "key": "yt",
      "response": " *_YOUTUBE PREMIUM 4 BULAN_*\n\n*STATUS ADMIN ONLINE KALO BALES*\n\n*1- _YT 4 Bulan Email Seller (Penjual_) : Rp.13.000* (GARANSI KENONAKTIFKAN, BANNED, DISABLE, BACK FREE) ✅\n\n*2- _YT 4 Bulan Email Seller (Penjual_) : Rp.8.000* (NON GARANSI ATAU TANPA GARANSI) ✅\n\n*3- _YT 4 Bulan Email Pembeli_ : Rp.8,000* (GARANSI KENONAKTIFKAN, BANNED, DISABLE, BACK FREE) ✅\n\n*4- _YT 4 Bulan Email Pembeli_ : Rp.5,000* (NON GARANSI ATAU TANPA GARANSI) ✅\n\n*5- JASLOG : Rp.1,500*✅\n(JASA LOGIN EMAIL SUPAYA MUNCUL TRIAL 4 BULAN) wajib email fresh, Verif skip\n\n*NOTE :*\nUntuk yang Garansi Berlaku dari tanggal awal order hingga masa berlaku habis, jadi mau bermasalah 10x pun tetep di ganti\n\nUntuk akun buyer wajib tanyakan stok terlebih dahulu\n\n_*Syarat*_\n- _*WAJIB* Email Fresh_\n- _email belum pernah melakukan pembayaran apapun_\n- _email belum pernah premium sebelumnya_\n- _untuk 4 bulan sistem login_\n\n❗Tanyakan terlebih dahulu ketersediaan list yang kalian inginkan.\n❗Khusus Yt 4 bulan proses via login, usahakan email belum pernah premium dan tidak V2L (verif 2 langkah)\n\n*PAYMENT :?* Ketik payment\n\n*Contacts Owner:* 085336393488",
      "isImage": false,
      "image_url": "-"
   }
]